region_name	chrom	start	stop	motif
STARD7_AAAAC	2	96197032	96197033	AAAAC
STARD7_AAAAT	2	96197032	96197033	AAAAT
STARD7_AAATG	2	96197032	96197033	AAATG
MARCH6_ATTTT	5	10356410	10356411	ATTTT
MARCH6_ATTTC	5	10356410	10356411	ATTTC
DAB1_AAAAT	1	57367043	57367044	AAAAT
DAB1_AAATG	1	57367043	57367044	AAATG
FMR1_CGG	X	147912049	147912050	CGG
DIP2B_CGG	12	50505001	50505024	CGG
ABCC1_CCTTT	16	15999875	15999876	CCTTT
SHROOM3_AGCAT	4	76608528	76608529	AGCAT
CRACR2A_AAACT	12	3745782	3745783	AAACT
CRACR2A_AAAAT	12	3745782	3745783	AAAAT
DMGDH_AAAAG	5	79180367	79180368	AAAAG
GNA12_ACATC	7	2812636	2812697	ACATC